Source Row,Locator Search,Key,Key Hex,Stable Locator,Locator Rule,Mapping Confidence,Section Name / Notes,User DLC Count,Parsed DLC Records,User Original Count,Parsed Original Records,Count Audit,Stride,Original Vector,Original Indices,Original Payload Lengths,DLC Vector,DLC Indices,DLC Payload Lengths,TOC Status,Original Linked Group(s),DLC Linked Group(s)
1,FF05100000,4101,0x1005,V7:0x1005,Leading byte + 4-byte little-endian key,Confirmed,,,1,1,1,Original exact,0x18,7,0,3,7,0,3,Unchanged,37,43
2,FF06100000,4102,0x1006,V7:0x1006,Leading byte + 4-byte little-endian key,Confirmed,,,1,1,1,Original exact,0x18,7,0,3,7,0,3,Unchanged,37,43
3,FF07100000,4103,0x1007,V7:0x1007,Leading byte + 4-byte little-endian key,Confirmed,Some kind of ID slot,,1,1,1,Original exact,0x18,7,0,3,7,0,3,Same index set + payload changed,37,43
4,FF08100000,4104,0x1008,V7:0x1008,Leading byte + 4-byte little-endian key,Confirmed,,,1,1,1,Original exact,0x18,7,0,3,7,0,3,Unchanged,37,43
5,FF09100000,4105,0x1009,V7:0x1009,Leading byte + 4-byte little-endian key,Confirmed,,,1,1,1,Original exact,0x18,7,0,3,7,0,3,Unchanged,37,43
6,FF0A100000,4106,0x100A,V7:0x100A,Leading byte + 4-byte little-endian key,Confirmed,,,1,1,1,Original exact,0x18,7,0,3,7,0,3,Unchanged,37,43
7,FF0B100000,4107,0x100B,V7:0x100B,Leading byte + 4-byte little-endian key,Confirmed,,,1,1,1,Original exact,0x18,7,0,3,7,0,3,Unchanged,37,43
8,FF0D070000,1805,0x070D,V7:0x070D,Leading byte + 4-byte little-endian key,Confirmed,,,1,1,1,Original exact,0x18,7,0,1,7,0,1,Same index set + payload changed,12,15
9,FF0E070000,1806,0x070E,V7:0x070E,Leading byte + 4-byte little-endian key,Confirmed,,,1,1,1,Original exact,0x18,7,0,1,7,0,1,Unchanged,12,15
10,FF221C0000,7202,0x1C22,V7:0x1C22,Leading byte + 4-byte little-endian key,Confirmed,,,1,1,1,Original exact,0x18,7,0,1,7,0,1,Same index set + payload changed,58,65
11,FF241C0000,7204,0x1C24,V7:0x1C24,Leading byte + 4-byte little-endian key,Confirmed,,,1,1,1,Original exact,0x18,7,0,1,7,0,1,Same index set + payload changed,58,65
12,FF2D1A0000,6701,0x1A2D,V7:0x1A2D,Leading byte + 4-byte little-endian key,Confirmed,,,1,1,1,Original exact,0x18,7,0,256,7,0,256,Unchanged,,
13,FF50040000,1104,0x0450,V6:0x0450,Leading byte + 4-byte little-endian key,Confirmed,Rupies,,1,1,1,Original exact,0x18,6,0,1,6,0,1,Same index set + payload changed,3,3
14,FF51040000,1105,0x0451,V6:0x0451,Leading byte + 4-byte little-endian key,Confirmed,Transmarvel,,1,1,1,Original exact,0x18,6,0,1,6,0,1,Same index set + payload changed,3,3
15,FF52040000,1106,0x0452,V6:0x0452,Leading byte + 4-byte little-endian key,Confirmed,,,1,1,1,Original exact,0x18,6,0,1,6,0,1,Same index set + payload changed,3,3
16,FF55040000,1109,0x0455,V6:0x0455,Leading byte + 4-byte little-endian key,Confirmed,Counts Up,,1,1,1,Original exact,0x18,6,0,1,6,0,1,Same index set + payload changed,3,3
17,FF550B0000,2901,0x0B55,V7:0x0B55,Leading byte + 4-byte little-endian key,Confirmed,,,1,1,1,Original exact,0x18,7,0,512,7,0,512,Unchanged,27,35
18,FF56040000,1110,0x0456,V6:0x0456,Leading byte + 4-byte little-endian key,Confirmed,Counts up ?,,1,1,1,Original exact,0x18,6,0,1,6,0,1,Unchanged,3,3
19,FF57040000,1111,0x0457,V6:0x0457,Leading byte + 4-byte little-endian key,Confirmed,,,1,1,1,Original exact,0x18,6,0,1,6,0,1,Unchanged,3,3
20,FF58040000,1112,0x0458,V6:0x0458,Leading byte + 4-byte little-endian key,Confirmed,Mastery Points (MSP),,1,1,1,Original exact,0x18,6,0,1,6,0,1,Same index set + payload changed,3,3
21,FF911A0000,6801,0x1A91,V7:0x1A91,Leading byte + 4-byte little-endian key,Confirmed,,,1,1,1,Original exact,0x18,7,0,1,7,0,1,Unchanged,,
22,FF940A0000,2708,0x0A94,V7:0x0A94,Leading byte + 4-byte little-endian key,Confirmed,,,1,1,1,Original exact,0x18,7,0,1,7,0,1,Unchanged,,
23,FFB1040000,1201,0x04B1,V6:0x04B1,Leading byte + 4-byte little-endian key,Confirmed,,,1,1,1,Original exact,0x18,6,0,1,6,0,1,Unchanged,4,4
24,FFB6040000,1206,0x04B6,V6:0x04B6,Leading byte + 4-byte little-endian key,Confirmed,,,1,1,1,Original exact,0x18,6,0,4,6,0,4,Same index set + payload changed,4,4
25,FFB7040000,1207,0x04B7,V6:0x04B7,Leading byte + 4-byte little-endian key,Confirmed,,,1,1,1,Original exact,0x18,6,0,4,6,0,4,Unchanged,4,4
26,FFB7160000,5815,0x16B7,V8:0x16B7,Leading byte + 4-byte little-endian key,Confirmed,Looks to be a Tracking Section (500 Values in this section),,1,1,1,Original exact,0x18,8,0,600,8,0,1200,Same index set + payload changed,47,54
27,FFCD090000,2509,0x09CD,V10:0x09CD,Leading byte + 4-byte little-endian key,Confirmed,"X,Y,Z,O of Character",,1,1,1,Original exact,0x18,10,0,4,10,0,4,Same index set + payload changed,19,22
28,FFD1070000,2001,0x07D1,V7:0x07D1,Leading byte + 4-byte little-endian key,Confirmed,,,1,1,1,Original exact,0x18,7,0,1,7,0,1,Same index set + payload changed,,
29,FFF10A0000,2801,0x0AF1,V7:0x0AF1,Leading byte + 4-byte little-endian key,Confirmed,,,1,1,1,Original exact,0x18,7,0,1,7,0,1,Same index set + payload changed,,
30,FF5A1B0000,7002,0x1B5A,V7:0x1B5A,Leading byte + 4-byte little-endian key,Confirmed,,,10,10,10,Original exact,0x18,7,0-9,1,7,0-9,1,Unchanged,56,63
31,FF9E180000,6302,0x189E,V7:0x189E,Leading byte + 4-byte little-endian key,Confirmed,,110,110,100,100,DLC exact; Original exact,0x18,7,0-99,1,7,0-109,1,Index set changed + payload changed,52,59
32,FFA10F0000,4001,0x0FA1,V7:0x0FA1,Leading byte + 4-byte little-endian key,Confirmed,,,1024,1024,1024,Original exact,0x18,7,0-1023,1,7,0-1023,1,Same index set + payload changed,36,42
33,FFA30F0000,4003,0x0FA3,V7:0x0FA3,Leading byte + 4-byte little-endian key,Confirmed,,,1024,1024,1024,Original exact,0x18,7,0-1023,1,7,0-1023,1,Same index set + payload changed,36,42
34,FF42060000,1602,0x0642,V6:0x0642,Leading byte + 4-byte little-endian key,Confirmed,Mastery Tree Activated,16600,16600,10400,10400,DLC exact; Original exact,0x18,6,"10000000-10000199,10001000-10001199,10002000-10002199,10003000-10003199,10004000-10004199,10005000-10005199,10006000-10006199,10007000-10007199,10008000-10008199,10009000-10009199,10010000-10010199,10011000-10011199,10012000-10012199,10013000-10013199,10014000-10014199,10015000-10015199,10016000-10016199,10017000-10017199,10018000-10018199,10019000-10019199,...(+32 ranges)",1,6,"0-199,10000000-10000399,10001000-10001399,10002000-10002399,10003000-10003399,10004000-10004399,10005000-10005399,10006000-10006399,10007000-10007399,10008000-10008399,10009000-10009399,10010000-10010399,10011000-10011399,10012000-10012399,10013000-10013399,10014000-10014399,10015000-10015399,10016000-10016399,10017000-10017399,10018000-10018399,...(+22 ranges)",1,Index set changed + payload changed,8,11
35,FF45060000,1605,0x0645,V7:0x0645,Leading byte + 4-byte little-endian key,Confirmed,OverMastery Levels / Each Star = 1,Removed?,,10400,10400,DLC removal confirmed; Original exact,0x18,7,"10000000-10000199,10001000-10001199,10002000-10002199,10003000-10003199,10004000-10004199,10005000-10005199,10006000-10006199,10007000-10007199,10008000-10008199,10009000-10009199,10010000-10010199,10011000-10011199,10012000-10012199,10013000-10013199,10014000-10014199,10015000-10015199,10016000-10016199,10017000-10017199,10018000-10018199,10019000-10019199,...(+32 ranges)",1,,,,Original-only key,8,
36,FF1D0C0000,3101,0x0C1D,V7:0x0C1D,Leading byte + 4-byte little-endian key,Confirmed,,15,15,12,12,DLC exact; Original exact,0x18,7,"10100-10106,10200-10204",1,7,"10100-10109,10200-10204",1,Index set changed,30,38
37,FF1E0C0000,3102,0x0C1E,V6:0x0C1E,Leading byte + 4-byte little-endian key,Confirmed,,15,15,12,12,DLC exact; Original exact,0x18,6,"10100-10106,10200-10204",1,6,"10100-10109,10200-10204",1,Index set changed,30,38
38,FF1F0C0000,3103,0x0C1F,V6:0x0C1F,Leading byte + 4-byte little-endian key,Confirmed,,Removed?,,12,12,DLC removal confirmed; Original exact,0x18,6,"10100-10106,10200-10204",1,,,,Original-only key,30,
39,FF200C0000,3104,0x0C20,V6:0x0C20,Leading byte + 4-byte little-endian key,Confirmed,,Removed?,,12,12,DLC removal confirmed; Original exact,0x18,6,"10100-10106,10200-10204",1,,,,Original-only key,30,
40,FF210C0000,3105,0x0C21,V7:0x0C21,Leading byte + 4-byte little-endian key,Confirmed,,15,15,12,12,DLC exact; Original exact,0x18,7,"10100-10106,10200-10204",1,7,"10100-10109,10200-10204",1,Index set changed,30,38
41,FF220C0000,3106,0x0C22,V7:0x0C22,Leading byte + 4-byte little-endian key,Confirmed,,15,15,12,12,DLC exact; Original exact,0x18,7,"10100-10106,10200-10204",1,7,"10100-10109,10200-10204",1,Index set changed,30,38
42,FF240C0000,3108,0x0C24,V6:0x0C24,Leading byte + 4-byte little-endian key,Confirmed,,Removed?,,12,12,DLC removal confirmed; Original exact,0x18,6,"10100-10106,10200-10204",1,,,,Original-only key,30,
43,FF810C0000,3201,0x0C81,V7:0x0C81,Leading byte + 4-byte little-endian key,Confirmed,,Removed?,,12,12,DLC removal confirmed; Original exact,0x18,7,"10100-10106,10200-10204",4,,,,Original-only key,,
44,FFE50C0000,3301,0x0CE5,V7:0x0CE5,Leading byte + 4-byte little-endian key,Confirmed,,Removed?,,12,12,DLC removal confirmed; Original exact,0x18,7,"10100-10106,10200-10204",1,,,,Original-only key,31,
45,FFE60C0000,3302,0x0CE6,V6:0x0CE6,Leading byte + 4-byte little-endian key,Confirmed,,Removed?,,12,12,DLC removal confirmed; Original exact,0x18,6,"10100-10106,10200-10204",1,,,,Original-only key,31,
46,FFE70C0000,3303,0x0CE7,V6:0x0CE7,Leading byte + 4-byte little-endian key,Confirmed,,Removed?,,12,12,DLC removal confirmed; Original exact,0x18,6,"10100-10106,10200-10204",1,,,,Original-only key,31,
47,FFE80C0000,3304,0x0CE8,V6:0x0CE8,Leading byte + 4-byte little-endian key,Confirmed,,Removed?,,12,12,DLC removal confirmed; Original exact,0x18,6,"10100-10106,10200-10204",1,,,,Original-only key,31,
48,FFE90C0000,3305,0x0CE9,V6:0x0CE9,Leading byte + 4-byte little-endian key,Confirmed,,Removed?,,12,12,DLC removal confirmed; Original exact,0x18,6,"10100-10106,10200-10204",1,,,,Original-only key,31,
49,FF750E0000,3701,0x0E75,V7:0x0E75,Leading byte + 4-byte little-endian key,Confirmed,Character Ids are Present in this section,1638,1638,1353,1353,DLC exact; Original exact,0x18,7,"0-40,100-140,200-240,300-340,400-440,500-540,600-640,700-740,800-840,900-940,1000-1040,1100-1140,1200-1240,1300-1340,1400-1440,1500-1540,1600-1640,1700-1740,1800-1840,1900-1940,...(+13 ranges)",1,7,"0-41,100-141,200-241,300-341,400-441,500-541,600-641,700-741,800-841,900-941,1000-1041,1100-1141,1200-1241,1300-1341,1400-1441,1500-1541,1600-1641,1700-1741,1800-1841,1900-1941,...(+19 ranges)",1,Index set changed + payload changed,,
50,FFBD1B0000,7101,0x1BBD,V7:0x1BBD,Leading byte + 4-byte little-endian key,Confirmed,Something to do with Charactes,,128,128,128,Original exact,0x18,7,0-127,1,7,0-127,1,Same index set + payload changed,57,64
51,FFBF1B0000,7103,0x1BBF,V7:0x1BBF,Leading byte + 4-byte little-endian key,Confirmed,,,128,128,128,Original exact,0x18,7,0-127,1,7,0-127,1,Same index set + payload changed,57,64
52,FF5D120000,4701,0x125D,V7:0x125D,Leading byte + 4-byte little-endian key,Confirmed,,,151,151,151,Original exact,0x18,7,"10600,10700-10749,10800-10849,10900-10949",1,7,"10600,10700-10749,10800-10849,10900-10949",1,Unchanged,43,50
53,FF60120000,4704,0x1260,V7:0x1260,Leading byte + 4-byte little-endian key,Confirmed,,,151,151,151,Original exact,0x18,7,"10600,10700-10749,10800-10849,10900-10949",1,7,"10600,10700-10749,10800-10849,10900-10949",1,Unchanged,43,50
54,FF63120000,4707,0x1263,V7:0x1263,Leading byte + 4-byte little-endian key,Confirmed,,,151,151,151,Original exact,0x18,7,"10600,10700-10749,10800-10849,10900-10949",1,7,"10600,10700-10749,10800-10849,10900-10949",1,Same index set + payload changed,43,50
55,FF89130000,5001,0x1389,V7:0x1389,Leading byte + 4-byte little-endian key,Confirmed,,,151,151,151,Original exact,0x18,7,"10600,10700-10749,10800-10849,10900-10949",1,7,"10600,10700-10749,10800-10849,10900-10949",1,Same index set + payload changed,45,52
56,FF98110000,4504,0x1198,V7:0x1198,Leading byte + 4-byte little-endian key,Confirmed,,,151,151,151,Original exact,0x18,7,"10600,10700-10749,10800-10849,10900-10949",1,7,"10600,10700-10749,10800-10849,10900-10949",1,Unchanged,41,48
57,FF9B110000,4507,0x119B,V7:0x119B,Leading byte + 4-byte little-endian key,Confirmed,,,151,151,151,Original exact,0x18,7,"10600,10700-10749,10800-10849,10900-10949",1,7,"10600,10700-10749,10800-10849,10900-10949",1,Same index set + payload changed,41,48
58,FFF9110000,4601,0x11F9,V7:0x11F9,Leading byte + 4-byte little-endian key,Confirmed,,,152,152,152,Original exact,0x18,7,"10600,10700-10749,10800-10849,10900-10949,11000",1,7,"10600,10700-10749,10800-10849,10900-10949,11000",1,Same index set + payload changed,42,49
59,FF490D0000,3401,0x0D49,V7:0x0D49,Leading byte + 4-byte little-endian key,Confirmed,,Removed?,,156,156,DLC removal confirmed; Original exact,0x18,7,"1010000-1010012,1010100-1010112,1010200-1010212,1010300-1010312,1010400-1010412,1010500-1010512,1010600-1010612,1020000-1020012,1020100-1020112,1020200-1020212,1020300-1020312,1020400-1020412",1,,,,Original-only key,32,
60,FF000B0000,2816,0x0B00,V7:0x0B00,Leading byte + 4-byte little-endian key,Confirmed,,,256,256,256,Original exact,0x18,7,40000-40255,1,7,40000-40255,1,Same index set + payload changed,26,34
61,FFF20A0000,2802,0x0AF2,V7:0x0AF2,Leading byte + 4-byte little-endian key,Confirmed,Weapons Order?,,256,256,256,Original exact,0x18,7,40000-40255,1,7,40000-40255,1,Same index set + payload changed,25,33
62,FFF30A0000,2803,0x0AF3,V7:0x0AF3,Leading byte + 4-byte little-endian key,Confirmed,Weapons IDs,,256,256,256,Original exact,0x18,7,40000-40255,1,7,40000-40255,1,Same index set + payload changed,25,33
63,FFF40A0000,2804,0x0AF4,V7:0x0AF4,Leading byte + 4-byte little-endian key,Confirmed,Weapons Level,,256,256,256,Original exact,0x18,7,40000-40255,1,7,40000-40255,1,Same index set + payload changed,25,33
64,FFF50A0000,2805,0x0AF5,V6:0x0AF5,Leading byte + 4-byte little-endian key,Confirmed,Max Level Cap Current 6,,256,256,256,Original exact,0x18,6,40000-40255,1,6,40000-40255,1,Same index set + payload changed,25,33
65,FFF60A0000,2806,0x0AF6,V6:0x0AF6,Leading byte + 4-byte little-endian key,Confirmed,"Plus Marks ""Mirage Munition"" (Yellow Value)",,256,256,256,Original exact,0x18,6,40000-40255,1,6,40000-40255,1,Same index set + payload changed,25,33
66,FFF70A0000,2807,0x0AF7,V6:0x0AF7,Leading byte + 4-byte little-endian key,Confirmed,,,256,256,256,Original exact,0x18,6,40000-40255,1,6,40000-40255,1,Same index set + payload changed,25,33
67,FFFD0A0000,2813,0x0AFD,V7:0x0AFD,Leading byte + 4-byte little-endian key,Confirmed,,,256,256,256,Original exact,0x18,7,40000-40255,1,7,40000-40255,1,Same index set + payload changed,26,34
68,FFFE0A0000,2814,0x0AFE,V7:0x0AFE,Leading byte + 4-byte little-endian key,Confirmed,,,256,256,256,Original exact,0x18,7,40000-40255,1,7,40000-40255,1,Same index set + payload changed,26,34
69,FFFF0A0000,2815,0x0AFF,V7:0x0AFF,Leading byte + 4-byte little-endian key,Confirmed,,,256,256,256,Original exact,0x18,7,40000-40255,1,7,40000-40255,1,Same index set + payload changed,26,34
70,FFA5060000,1701,0x06A5,V7:0x06A5,Leading byte + 4-byte little-endian key,Confirmed,Current Trait ID,25968,25968,26364,26364,DLC exact; Original exact,0x18,7,"0-3,50-52,100-103,150-152,200-203,250-252,300-303,350-352,400-403,450-452,500-503,550-552,600-603,650-652,10000000-10000001,10000100-10000101,10000200-10000201,10000300-10000301,10000400-10000401,10000500-10000501,...(+10516 ranges)",1,7,"120000000-120000001,120000100-120000101,120000200-120000201,120000300-120000301,120000400-120000401,120000500-120000501,120000600-120000601,120000700-120000701,120000800-120000801,120000900-120000901,120001000-120001001,120001100-120001101,120001200-120001201,120001300-120001301,120001400-120001401,120001500-120001501,120001600-120001601,120001700-120001701,120001800-120001801,120001900-120001901,...(+10336 ranges)",1,Index set changed + payload changed,10,13
71,FFA6060000,1702,0x06A6,V6:0x06A6,Leading byte + 4-byte little-endian key,Confirmed,Current Trait Level,25968,25968,26364,26364,DLC exact; Original exact,0x18,6,"0-3,50-52,100-103,150-152,200-203,250-252,300-303,350-352,400-403,450-452,500-503,550-552,600-603,650-652,10000000-10000001,10000100-10000101,10000200-10000201,10000300-10000301,10000400-10000401,10000500-10000501,...(+10516 ranges)",1,6,"120000000-120000001,120000100-120000101,120000200-120000201,120000300-120000301,120000400-120000401,120000500-120000501,120000600-120000601,120000700-120000701,120000800-120000801,120000900-120000901,120001000-120001001,120001100-120001101,120001200-120001201,120001300-120001301,120001400-120001401,120001500-120001501,120001600-120001601,120001700-120001701,120001800-120001801,120001900-120001901,...(+10336 ranges)",1,Index set changed + payload changed,10,13
72,FF3A180000,6202,0x183A,V7:0x183A,Leading byte + 4-byte little-endian key,Confirmed,,,30,30,30,Original exact,0x18,7,0-29,1,7,0-29,1,Unchanged,51,58
73,FF09070000,1801,0x0709,V7:0x0709,Leading byte + 4-byte little-endian key,Confirmed,Item ID,500,500,300,300,DLC exact; Original exact,0x18,7,0-299,1,7,0-499,1,Index set changed + payload changed,11,14
74,FF0A070000,1802,0x070A,V6:0x070A,Leading byte + 4-byte little-endian key,Confirmed,Item Count,500,500,300,300,DLC exact; Original exact,0x18,6,0-299,1,6,0-499,1,Index set changed + payload changed,11,14
75,FF0B070000,1803,0x070B,V7:0x070B,Leading byte + 4-byte little-endian key,Confirmed,Item Flags,500,500,300,300,DLC exact; Original exact,0x18,7,0-299,1,7,0-499,1,Index set changed + payload changed,11,14
76,FF0C070000,1804,0x070C,V7:0x070C,Leading byte + 4-byte little-endian key,Confirmed,Unknown Item Field,500,500,300,300,DLC exact; Original exact,0x18,7,0-299,1,7,0-499,1,Index set changed + payload changed,11,14
77,FF0D170000,5901,0x170D,V7:0x170D,Leading byte + 4-byte little-endian key,Confirmed,,,300,300,300,Original exact,0x18,7,0-299,1,7,0-299,1,Same index set + payload changed,48,55
78,FF0E170000,5902,0x170E,V7:0x170E,Leading byte + 4-byte little-endian key,Confirmed,,,300,300,300,Original exact,0x18,7,0-299,1,7,0-299,1,Same index set + payload changed,48,55
79,FF71170000,6001,0x1771,V7:0x1771,Leading byte + 4-byte little-endian key,Confirmed,,,300,300,300,Original exact,0x18,7,0-299,1,7,0-299,1,Same index set + payload changed,49,56
80,FF72170000,6002,0x1772,V7:0x1772,Leading byte + 4-byte little-endian key,Confirmed,,,300,300,300,Original exact,0x18,7,0-299,1,7,0-299,1,Same index set + payload changed,49,56
81,FF46060000,1606,0x0646,V7:0x0646,Leading byte + 4-byte little-endian key,Confirmed,OverMastery ID,164,164,31408,31408,DLC exact; Original exact,0x18,7,"10000000-10000003,10001000-10001003,10002000-10002003,10003000-10003003,10004000-10004003,10005000-10005003,10006000-10006003,10007000-10007003,10008000-10008003,10009000-10009003,10010000-10010003,10011000-10011003,10012000-10012003,10013000-10013003,10014000-10014003,10015000-10015003,10016000-10016003,10017000-10017003,10018000-10018003,10019000-10019003,...(+10432 ranges)",1,7,"10000000-10000003,10001000-10001003,10002000-10002003,10003000-10003003,10004000-10004003,10005000-10005003,10006000-10006003,10007000-10007003,10008000-10008003,10009000-10009003,10010000-10010003,10011000-10011003,10012000-10012003,10013000-10013003,10014000-10014003,10015000-10015003,10016000-10016003,10017000-10017003,10018000-10018003,10019000-10019003,...(+21 ranges)",1,Index set changed + payload changed,9,12
82,FF47060000,1607,0x0647,V6:0x0647,Leading byte + 4-byte little-endian key,Confirmed,OverMastery Level / State,164,164,31408,31408,DLC exact; Original exact,0x18,6,"10000000-10000003,10001000-10001003,10002000-10002003,10003000-10003003,10004000-10004003,10005000-10005003,10006000-10006003,10007000-10007003,10008000-10008003,10009000-10009003,10010000-10010003,10011000-10011003,10012000-10012003,10013000-10013003,10014000-10014003,10015000-10015003,10016000-10016003,10017000-10017003,10018000-10018003,10019000-10019003,...(+10432 ranges)",1,6,"10000000-10000003,10001000-10001003,10002000-10002003,10003000-10003003,10004000-10004003,10005000-10005003,10006000-10006003,10007000-10007003,10008000-10008003,10009000-10009003,10010000-10010003,10011000-10011003,10012000-10012003,10013000-10013003,10014000-10014003,10015000-10015003,10016000-10016003,10017000-10017003,10018000-10018003,10019000-10019003,...(+21 ranges)",1,Index set changed,9,12
83,FFD5170000,6101,0x17D5,V7:0x17D5,Leading byte + 4-byte little-endian key,Confirmed,,,32,32,32,Original exact,0x18,7,0-31,1,7,0-31,1,Same index set + payload changed,50,57
84,FFF51A0000,6901,0x1AF5,V7:0x1AF5,Leading byte + 4-byte little-endian key,Confirmed,,,32,32,32,Original exact,0x18,7,0-31,1,7,0-31,1,Unchanged,55,62
85,FF99080000,2201,0x0899,V7:0x0899,Leading byte + 4-byte little-endian key,Confirmed,Character Party Order,,4,4,4,Original exact,0x18,7,103000-103003,1,7,103000-103003,1,Same index set + payload changed,16,19
86,FF15050000,1301,0x0515,V7:0x0515,Leading byte + 4-byte little-endian key,Confirmed,Character IDs are Stored here Not sure for what,41,41,40,40,DLC exact; Original exact,0x18,7,10000-10039,1,7,10000-10040,1,Index set changed + payload changed,5,5
87,FF16050000,1302,0x0516,V6:0x0516,Leading byte + 4-byte little-endian key,Confirmed,,41,41,40,40,DLC exact; Original exact,0x18,6,10000-10039,1,6,10000-10040,1,Index set changed,5,5
88,FF17050000,1303,0x0517,V6:0x0517,Leading byte + 4-byte little-endian key,Confirmed,Character EXP,41,41,40,40,DLC exact; Original exact,0x18,6,10000-10039,1,6,10000-10040,1,Index set changed + payload changed,5,5
89,FF18050000,1304,0x0518,V6:0x0518,Leading byte + 4-byte little-endian key,Confirmed,,41,41,40,40,DLC exact; Original exact,0x18,6,10000-10039,1,6,10000-10040,1,Index set changed,5,5
90,FF19050000,1305,0x0519,V7:0x0519,Leading byte + 4-byte little-endian key,Confirmed,Activate Characters,41,41,40,40,DLC exact; Original exact,0x18,7,10000-10039,1,7,10000-10040,1,Index set changed + payload changed,5,5
91,FF1B050000,1307,0x051B,V6:0x051B,Leading byte + 4-byte little-endian key,Confirmed,,41,41,40,40,DLC exact; Original exact,0x18,6,10000-10039,1,6,10000-10040,1,Index set changed + payload changed,5,5
92,FF1C050000,1308,0x051C,V6:0x051C,Leading byte + 4-byte little-endian key,Confirmed,,41,41,40,40,DLC exact; Original exact,0x18,6,10000-10039,1,6,10000-10040,1,Index set changed + payload changed,5,5
93,FF1D050000,1309,0x051D,V6:0x051D,Leading byte + 4-byte little-endian key,Confirmed,,41,41,40,40,DLC exact; Original exact,0x18,6,10000-10039,1,6,10000-10040,1,Index set changed + payload changed,5,5
94,FF1E050000,1310,0x051E,V6:0x051E,Leading byte + 4-byte little-endian key,Confirmed,,41,41,40,40,DLC exact; Original exact,0x18,6,10000-10039,1,6,10000-10040,1,Index set changed + payload changed,5,5
95,FF1F050000,1311,0x051F,V6:0x051F,Leading byte + 4-byte little-endian key,Confirmed,,41,41,40,40,DLC exact; Original exact,0x18,6,10000-10039,1,6,10000-10040,1,Index set changed,5,5
96,FF21050000,1313,0x0521,V6:0x0521,Leading byte + 4-byte little-endian key,Confirmed,,41,41,40,40,DLC exact; Original exact,0x18,6,10000-10039,1,6,10000-10040,1,Index set changed + payload changed,5,5
97,FF6D070000,1901,0x076D,V7:0x076D,Leading byte + 4-byte little-endian key,Confirmed,Current Items in Curios,,4995,4995,4995,Original exact,0x18,7,"0-4,100-104,200-204,300-304,400-404,500-504,600-604,700-704,800-804,900-904,1000-1004,1100-1104,1200-1204,1300-1304,1400-1404,1500-1504,1600-1604,1700-1704,1800-1804,1900-1904,...(+979 ranges)",1,7,"0-4,100-104,200-204,300-304,400-404,500-504,600-604,700-704,800-804,900-904,1000-1004,1100-1104,1200-1204,1300-1304,1400-1404,1500-1504,1600-1604,1700-1704,1800-1804,1900-1904,...(+979 ranges)",1,Same index set + payload changed,13,16
98,FF6E070000,1902,0x076E,V6:0x076E,Leading byte + 4-byte little-endian key,Confirmed,Curios Activation Section,,4995,4995,4995,Original exact,0x18,6,"0-4,100-104,200-204,300-304,400-404,500-504,600-604,700-704,800-804,900-904,1000-1004,1100-1104,1200-1204,1300-1304,1400-1404,1500-1504,1600-1604,1700-1704,1800-1804,1900-1904,...(+979 ranges)",1,6,"0-4,100-104,200-204,300-304,400-404,500-504,600-604,700-704,800-804,900-904,1000-1004,1100-1104,1200-1204,1300-1304,1400-1404,1500-1504,1600-1604,1700-1704,1800-1804,1900-1904,...(+979 ranges)",1,Same index set + payload changed,13,16
99,FF6F070000,1903,0x076F,V7:0x076F,Leading byte + 4-byte little-endian key,Confirmed,,,4995,4995,4995,Original exact,0x18,7,"0-4,100-104,200-204,300-304,400-404,500-504,600-604,700-704,800-804,900-904,1000-1004,1100-1104,1200-1204,1300-1304,1400-1404,1500-1504,1600-1604,1700-1704,1800-1804,1900-1904,...(+979 ranges)",1,7,"0-4,100-104,200-204,300-304,400-404,500-504,600-604,700-704,800-804,900-904,1000-1004,1100-1104,1200-1204,1300-1304,1400-1404,1500-1504,1600-1604,1700-1704,1800-1804,1900-1904,...(+979 ranges)",1,Same index set + payload changed,13,16
100,FF70070000,1904,0x0770,V6:0x0770,Leading byte + 4-byte little-endian key,Confirmed,,,4995,4995,4995,Original exact,0x18,6,"0-4,100-104,200-204,300-304,400-404,500-504,600-604,700-704,800-804,900-904,1000-1004,1100-1104,1200-1204,1300-1304,1400-1404,1500-1504,1600-1604,1700-1704,1800-1804,1900-1904,...(+979 ranges)",1,6,"0-4,100-104,200-204,300-304,400-404,500-504,600-604,700-704,800-804,900-904,1000-1004,1100-1104,1200-1204,1300-1304,1400-1404,1500-1504,1600-1604,1700-1704,1800-1804,1900-1904,...(+979 ranges)",1,Same index set + payload changed,13,16
101,FFD1200000,8401,0x20D1,V7:0x20D1,Leading byte + 4-byte little-endian key,Confirmed,Character IDs are Stored here Not sure for what,,50,50,50,Original exact,0x18,7,0-49,1,7,0-49,1,Same index set + payload changed,71,79
102,FFD2200000,8402,0x20D2,V7:0x20D2,Leading byte + 4-byte little-endian key,Confirmed,,,50,50,50,Original exact,0x18,7,0-49,1,7,0-49,1,Same index set + payload changed,71,79
103,FF36080000,2102,0x0836,V7:0x0836,Leading byte + 4-byte little-endian key,Confirmed,Current Wrightstones IDS,,5000,5000,5000,Original exact,0x18,7,50000-54999,1,7,50000-54999,1,Same index set + payload changed,15,18
104,FF37080000,2103,0x0837,V7:0x0837,Leading byte + 4-byte little-endian key,Confirmed,Something to do with Wrightstones??,,5000,5000,5000,Original exact,0x18,7,50000-54999,1,7,50000-54999,1,Same index set + payload changed,15,18
105,FF8E0A0000,2702,0x0A8E,V7:0x0A8E,Leading byte + 4-byte little-endian key,Confirmed,,,5100,5100,5100,Original exact,0x18,7,30000-35099,1,7,30000-35099,1,Same index set + payload changed,24,32
106,FF8F0A0000,2703,0x0A8F,V7:0x0A8F,Leading byte + 4-byte little-endian key,Confirmed,Current Sigils,,5100,5100,5100,Original exact,0x18,7,30000-35099,1,7,30000-35099,1,Same index set + payload changed,24,32
107,FF900A0000,2704,0x0A90,V6:0x0A90,Leading byte + 4-byte little-endian key,Confirmed,Current Sigils Level,,5100,5100,5100,Original exact,0x18,6,30000-35099,1,6,30000-35099,1,Same index set + payload changed,24,32
108,FF920A0000,2706,0x0A92,V7:0x0A92,Leading byte + 4-byte little-endian key,Confirmed,Character Ids Present In this section,,5100,5100,5100,Original exact,0x18,7,30000-35099,1,7,30000-35099,1,Same index set + payload changed,24,32
109,FF930A0000,2707,0x0A93,V7:0x0A93,Leading byte + 4-byte little-endian key,Confirmed,,,5100,5100,5100,Original exact,0x18,7,30000-35099,1,7,30000-35099,1,Same index set + payload changed,24,32
110,FFE91C0000,7401,0x1CE9,V7:0x1CE9,Leading byte + 4-byte little-endian key,Confirmed,"Weapon ID - Sword of Eos Maybe ""Gran and Djeeta""",,512,512,512,Original exact,0x18,7,0-511,1,7,0-511,1,Same index set + payload changed,62,69
111,FFEB1C0000,7403,0x1CEB,V7:0x1CEB,Leading byte + 4-byte little-endian key,Confirmed,"Weapons Level ? Maybe ""Gran and Djeeta""",,512,512,512,Original exact,0x18,7,0-511,1,7,0-511,1,Same index set + payload changed,62,69
112,FFDD050000,1501,0x05DD,V6:0x05DD,Leading byte + 4-byte little-endian key,Confirmed,,,41,52,52,Original exact,0x18,6,"10000-10039,10100-10106,10200-10204",1,6,10000-10040,1,Index set changed,7,10
113,FFDE050000,1502,0x05DE,V6:0x05DE,Leading byte + 4-byte little-endian key,Confirmed,,,41,52,52,Original exact,0x18,6,"10000-10039,10100-10106,10200-10204",1,6,10000-10040,1,Index set changed,7,10
114,FF3F0F0000,3903,0x0F3F,V7:0x0F3F,Leading byte + 4-byte little-endian key,Confirmed,,,656,600,640,"Count differs from the text: parsed TOC has 640 Original records and 656 DLC records, with contiguous indices 0-639 and 0-655.",0x18,7,0-639,1,7,0-655,1,Index set changed + payload changed,35,41
115,FFB90B0000,3001,0x0BB9,V6:0x0BB9,Leading byte + 4-byte little-endian key,Confirmed,,,615,600,600,Original exact,0x18,6,20000-20599,1,6,20000-20614,1,Index set changed,28,36
116,FFC1120000,4801,0x12C1,V7:0x12C1,Leading byte + 4-byte little-endian key,Confirmed,Bunch of Character IDs repeted,,604,604,604,Original exact,0x18,7,"1060000,1060010-1060012,1070000,1070010-1070012,1070100,1070110-1070112,1070200,1070210-1070212,1070300,1070310-1070312,1070400,1070410-1070412,1070500,1070510-1070512,1070600,1070610-1070612,1070700,1070710-1070712,1070800,1070810-1070812,...(+282 ranges)",1,7,"1060000,1060010-1060012,1070000,1070010-1070012,1070100,1070110-1070112,1070200,1070210-1070212,1070300,1070310-1070312,1070400,1070410-1070412,1070500,1070510-1070512,1070600,1070610-1070612,1070700,1070710-1070712,1070800,1070810-1070812,...(+282 ranges)",1,Same index set + payload changed,44,51
117,FF69100000,4201,0x1069,V7:0x1069,Leading byte + 4-byte little-endian key,Confirmed,,,64,64,64,Original exact,0x18,7,0-63,1,7,0-63,1,Same index set + payload changed,38,44
118,FF6A100000,4202,0x106A,V7:0x106A,Leading byte + 4-byte little-endian key,Confirmed,,,64,64,64,Original exact,0x18,7,0-63,1,7,0-63,1,Same index set + payload changed,38,44
119,FF851C0000,7301,0x1C85,V7:0x1C85,Leading byte + 4-byte little-endian key,Confirmed,,,64,64,64,Original exact,0x18,7,0-63,1,7,0-63,1,Same index set + payload changed,59,66
120,FFB81C0000,7352,0x1CB8,V7:0x1CB8,Leading byte + 4-byte little-endian key,Confirmed,,,128,64,64,Original exact,0x18,7,0-63,1,7,0-127,1,Index set changed + payload changed,61,68
121,FF400F0000,3904,0x0F40,V7:0x0F40,Leading byte + 4-byte little-endian key,Confirmed,,,656,640,640,Original exact,0x18,7,0-639,1,7,0-655,1,Index set changed + payload changed,35,41
122,FFBB0B0000,3003,0x0BBB,V7:0x0BBB,Leading byte + 4-byte little-endian key,Confirmed,"First 80 finds = Character IDs for PartySets, 20 x 4",,739,684,684,Original exact,0x18,7,"20000-20599,104000-104003,105000-105003,105010-105013,105020-105023,105030-105033,105040-105043,105050-105053,105060-105063,105070-105073,105080-105083,105090-105093,105100-105103,105110-105113,105120-105123,105130-105133,105140-105143,105150-105153,105160-105163,105170-105173,...(+2 ranges)",1,7,"20000-20614,104000-104003,105000-105003,105010-105013,105020-105023,105030-105033,105040-105043,105050-105053,105060-105063,105070-105073,105080-105083,105090-105093,105100-105103,105110-105113,105120-105123,105130-105133,105140-105143,105150-105153,105160-105163,105170-105173,...(+12 ranges)",1,Index set changed + payload changed,29,37
123,FFBC0B0000,3004,0x0BBC,V6:0x0BBC,Leading byte + 4-byte little-endian key,Confirmed,Has to do with Party Sets,,739,684,684,Original exact,0x18,6,"20000-20599,104000-104003,105000-105003,105010-105013,105020-105023,105030-105033,105040-105043,105050-105053,105060-105063,105070-105073,105080-105083,105090-105093,105100-105103,105110-105113,105120-105123,105130-105133,105140-105143,105150-105153,105160-105163,105170-105173,...(+2 ranges)",1,6,"20000-20614,104000-104003,105000-105003,105010-105013,105020-105023,105030-105033,105040-105043,105050-105053,105060-105063,105070-105073,105080-105083,105090-105093,105100-105103,105110-105113,105120-105123,105130-105133,105140-105143,105150-105153,105160-105163,105170-105173,...(+12 ranges)",1,Index set changed,29,37
124,FFAD0D0000,3501,0x0DAD,V7:0x0DAD,Leading byte + 4-byte little-endian key,Confirmed,,,820,800,800,Original exact,0x18,7,0-799,1,7,0-819,1,Index set changed + payload changed,33,39
125,FFAE0D0000,3502,0x0DAE,V7:0x0DAE,Leading byte + 4-byte little-endian key,Confirmed,,,820,800,800,Original exact,0x18,7,0-799,1,7,0-819,1,Index set changed + payload changed,33,39
126,FF411F0000,8001,0x1F41,V7:0x1F41,Leading byte + 4-byte little-endian key,Confirmed,Seems to have Sigil IDs ? (Can Pull Sigil List from here),,1100,900,900,Original exact,0x18,7,0-899,1,7,0-1099,1,Index set changed + payload changed,67,75
127,FF421F0000,8002,0x1F42,V7:0x1F42,Leading byte + 4-byte little-endian key,Confirmed,,,1100,900,900,Original exact,0x18,7,0-899,1,7,0-1099,1,Index set changed + payload changed,67,75
128,FFD2070000,2002,0x07D2,V7:0x07D2,Leading byte + 4-byte little-endian key,Confirmed,Appraiser Curio IDs <Sets Number u see at Aprazers Shop>,,999,999,999,Original exact,0x18,7,0-998,1,7,0-998,1,Same index set + payload changed,14,17
129,FFD3070000,2003,0x07D3,V7:0x07D3,Leading byte + 4-byte little-endian key,Confirmed,Slot Setting for Curios Seems to Point to D207 Area,,999,999,999,Original exact,0x18,7,0-998,1,7,0-998,1,Same index set + payload changed,14,17
130,FF7C050000,1404,0x057C,V7:0x057C,Leading byte + 4-byte little-endian key,Confirmed,Character Skill - Final one is Gran (Each has 4) This section also holds the Skills for the Party Sets (First 80 finds),,780,724,724,Original exact,0x18,7,"10000-10039,20000-20599,104000-104003,105000-105003,105010-105013,105020-105023,105030-105033,105040-105043,105050-105053,105060-105063,105070-105073,105080-105083,105090-105093,105100-105103,105110-105113,105120-105123,105130-105133,105140-105143,105150-105153,105160-105163,...(+3 ranges)",4,7,"10000-10040,20000-20614,104000-104003,105000-105003,105010-105013,105020-105023,105030-105033,105040-105043,105050-105053,105060-105063,105070-105073,105080-105083,105090-105093,105100-105103,105110-105113,105120-105123,105130-105133,105140-105143,105150-105153,105160-105163,...(+13 ranges)",4,Index set changed + payload changed,6,6
131,FFDF050000,1503,0x05DF,V6:0x05DF,Leading byte + 4-byte little-endian key,Confirmed,??,,41,52,52,Original exact,0x18,6,"10000-10039,10100-10106,10200-10204",2,6,10000-10040,2,Index set changed + payload changed,7,10
132,FF7A050000,1402,0x057A,V7:0x057A,Leading byte + 4-byte little-endian key,Confirmed,Character Set Info ? Might be Weapons (Sections rep every 4),,780,724,724,Original exact,0x18,7,"10000-10039,20000-20599,104000-104003,105000-105003,105010-105013,105020-105023,105030-105033,105040-105043,105050-105053,105060-105063,105070-105073,105080-105083,105090-105093,105100-105103,105110-105113,105120-105123,105130-105133,105140-105143,105150-105153,105160-105163,...(+3 ranges)",1,7,"10000-10040,20000-20614,104000-104003,105000-105003,105010-105013,105020-105023,105030-105033,105040-105043,105050-105053,105060-105063,105070-105073,105080-105083,105090-105093,105100-105103,105110-105113,105120-105123,105130-105133,105140-105143,105150-105153,105160-105163,...(+13 ranges)",1,Index set changed + payload changed,6,6
133,FE08000000,2302,0x08FE,V2:0x08FE,Direct 4-byte little-endian key + following byte,Inferred,Party Sets Name Section,,50,20,40,"Partial subset confirmed: the listed 20 entries match indices 0-19. The same key also contains indices 10500-10519 in Original and 10500-10529 in DLC, giving total record counts 40 and 50.",0x18,2,"0-19,10500-10519",64,2,"0-19,10500-10529",64,Index set changed,17,20
134,FFA9160000,5801,0x16A9,V1:0x16A9,Leading byte + 4-byte little-endian key,Confirmed,Lyria's Journal - Trophies,,1,1,1,Original exact,0x18,1,0,1000,1,0,1700,Same index set + payload changed,46,53
135,FFB0050000,1456,0x05B0,V7:0x05B0,Leading byte + 4-byte little-endian key,Confirmed,,1000,1000,,,DLC exact,0x18,,,,7,0-999,1,DLC-only key,,9
136,FFB1050000,1457,0x05B1,V7:0x05B1,Leading byte + 4-byte little-endian key,Confirmed,,1000,1000,,,DLC exact,0x18,,,,7,0-999,1,DLC-only key,,9
137,FFB4050000,1460,0x05B4,V7:0x05B4,Leading byte + 4-byte little-endian key,Confirmed,,1000,1000,,,DLC exact,0x18,,,,7,0-999,1,DLC-only key,,9
138,FFE9250000,9705,0x25E9,V6:0x25E9,Leading byte + 4-byte little-endian key,Confirmed,,1000,1000,,,DLC exact,0x18,,,,6,0-999,1,DLC-only key,,93
139,FFC5120000,4805,0x12C5,V3:0x12C5,Leading byte + 4-byte little-endian key,Confirmed,,604,604,,,DLC exact,0x18,,,,3,"1060000,1060010-1060012,1070000,1070010-1070012,1070100,1070110-1070112,1070200,1070210-1070212,1070300,1070310-1070312,1070400,1070410-1070412,1070500,1070510-1070512,1070600,1070610-1070612,1070700,1070710-1070712,1070800,1070810-1070812,...(+282 ranges)",1,DLC-only key,,51
140,FFC6120000,4806,0x12C6,V1:0x12C6,Leading byte + 4-byte little-endian key,Confirmed,,604,604,,,DLC exact,0x18,,,,1,"1060000,1060010-1060012,1070000,1070010-1070012,1070100,1070110-1070112,1070200,1070210-1070212,1070300,1070310-1070312,1070400,1070410-1070412,1070500,1070510-1070512,1070600,1070610-1070612,1070700,1070710-1070712,1070800,1070810-1070812,...(+282 ranges)",1,DLC-only key,,51
141,FF81250000,9601,0x2581,V7:0x2581,Leading byte + 4-byte little-endian key,Confirmed,,300,300,,,DLC exact,0x18,,,,7,0-299,1,DLC-only key,,92
142,FF82250000,9602,0x2582,V7:0x2582,Leading byte + 4-byte little-endian key,Confirmed,,300,300,,,DLC exact,0x18,,,,7,0-299,1,DLC-only key,,92
143,FFAC050000,1452,0x05AC,V7:0x05AC,Leading byte + 4-byte little-endian key,Confirmed,,300,300,,,DLC exact,0x18,,,,7,0-299,1,DLC-only key,,8
144,FFAD050000,1453,0x05AD,V7:0x05AD,Leading byte + 4-byte little-endian key,Confirmed,,300,300,,,DLC exact,0x18,,,,7,0-299,1,DLC-only key,,8
145,FF010B0000,2817,0x0B01,V6:0x0B01,Leading byte + 4-byte little-endian key,Confirmed,,256,256,,,DLC exact,0x18,,,,6,40000-40255,1,DLC-only key,,34
146,FF9D110000,4509,0x119D,V6:0x119D,Leading byte + 4-byte little-endian key,Confirmed,,151,151,,,DLC exact,0x18,,,,6,"10600,10700-10749,10800-10849,10900-10949",1,DLC-only key,,48
147,FF370A0000,2615,0x0A37,V7:0x0A37,Leading byte + 4-byte little-endian key,Confirmed,,128,128,,,DLC exact,0x18,,,,7,0-127,1,DLC-only key,,28
148,FF380A0000,2616,0x0A38,V7:0x0A38,Leading byte + 4-byte little-endian key,Confirmed,,128,128,,,DLC exact,0x18,,,,7,0-127,1,DLC-only key,,28
149,FF390A0000,2617,0x0A39,V7:0x0A39,Leading byte + 4-byte little-endian key,Confirmed,,128,128,,,DLC exact,0x18,,,,7,0-127,1,DLC-only key,,28
150,FF3A0A0000,2618,0x0A3A,V7:0x0A3A,Leading byte + 4-byte little-endian key,Confirmed,,128,128,,,DLC exact,0x18,,,,7,0-127,1,DLC-only key,,28
151,FF7F1E0000,7807,0x1E7F,V7:0x1E7F,Leading byte + 4-byte little-endian key,Confirmed,,128,128,,,DLC exact,0x18,,,,7,0-127,1,DLC-only key,,73
152,FF801E0000,7808,0x1E80,V7:0x1E80,Leading byte + 4-byte little-endian key,Confirmed,,128,128,,,DLC exact,0x18,,,,7,0-127,1,DLC-only key,,73
153,FF3B0A0000,2619,0x0A3B,V7:0x0A3B,Leading byte + 4-byte little-endian key,Confirmed,,64,64,,,DLC exact,0x18,,,,7,0-63,1,DLC-only key,,29
154,FF3C0A0000,2620,0x0A3C,V1:0x0A3C,Leading byte + 4-byte little-endian key,Confirmed,,64,64,,,DLC exact,0x18,,,,1,0-63,1,DLC-only key,,29
155,FF2B050000,1323,0x052B,V6:0x052B,Leading byte + 4-byte little-endian key,Confirmed,,41,41,,,DLC exact,0x18,,,,6,10000-10040,1,DLC-only key,,5
156,FF2C050000,1324,0x052C,V6:0x052C,Leading byte + 4-byte little-endian key,Confirmed,,41,41,,,DLC exact,0x18,,,,6,10000-10040,1,DLC-only key,,5
157,FF2D050000,1325,0x052D,V6:0x052D,Leading byte + 4-byte little-endian key,Confirmed,,41,41,,,DLC exact,0x18,,,,6,10000-10040,1,DLC-only key,,5
158,FFA6230000,9126,0x23A6,V1:0x23A6,Leading byte + 4-byte little-endian key,Confirmed,,20,20,,,DLC exact,0x18,,,,1,0-19,1,DLC-only key,,88
159,FFA7230000,9127,0x23A7,V6:0x23A7,Leading byte + 4-byte little-endian key,Confirmed,,20,20,,,DLC exact,0x18,,,,6,0-19,1,DLC-only key,,88
160,FFA8230000,9128,0x23A8,V6:0x23A8,Leading byte + 4-byte little-endian key,Confirmed,,20,20,,,DLC exact,0x18,,,,6,0-19,1,DLC-only key,,88
161,FFA9230000,9129,0x23A9,V6:0x23A9,Leading byte + 4-byte little-endian key,Confirmed,,20,20,,,DLC exact,0x18,,,,6,0-19,1,DLC-only key,,88
162,FF250C0000,3109,0x0C25,V6:0x0C25,Leading byte + 4-byte little-endian key,Confirmed,,15,15,,,DLC exact,0x18,,,,6,"10100-10109,10200-10204",1,DLC-only key,,38
163,FF260C0000,3110,0x0C26,V6:0x0C26,Leading byte + 4-byte little-endian key,Confirmed,,15,15,,,DLC exact,0x18,,,,6,"10100-10109,10200-10204",1,DLC-only key,,38
164,FF270C0000,3111,0x0C27,V10:0x0C27,Leading byte + 4-byte little-endian key,Confirmed,,15,15,,,DLC exact,0x18,,,,10,"10100-10109,10200-10204",1,DLC-only key,,38
165,FF280C0000,3112,0x0C28,V6:0x0C28,Leading byte + 4-byte little-endian key,Confirmed,,15,15,,,DLC exact,0x18,,,,6,"10100-10109,10200-10204",1,DLC-only key,,38
166,FF2A0C0000,3114,0x0C2A,V7:0x0C2A,Leading byte + 4-byte little-endian key,Confirmed,,15,15,,,DLC exact,0x18,,,,7,"10100-10109,10200-10204",1,DLC-only key,,38
167,FF2B0C0000,3115,0x0C2B,V6:0x0C2B,Leading byte + 4-byte little-endian key,Confirmed,,15,15,,,DLC exact,0x18,,,,6,"10100-10109,10200-10204",1,DLC-only key,,38
168,FF15230000,8981,0x2315,V7:0x2315,Leading byte + 4-byte little-endian key,Confirmed,,4,4,,,DLC exact,0x18,,,,7,0-3,1,DLC-only key,,86
169,FF460A0000,2630,0x0A46,V1:0x0A46,Leading byte + 4-byte little-endian key,Confirmed,,4,4,,,DLC exact,0x18,,,,1,0-3,4,DLC-only key,,31
170,FFB2050000,1458,0x05B2,V7:0x05B2,Leading byte + 4-byte little-endian key,Confirmed,,"1,000",1000,,,DLC exact,0x1C,,,,7,0-999,2,DLC-only key,,9
171,FFB3050000,1459,0x05B3,V6:0x05B3,Leading byte + 4-byte little-endian key,Confirmed,,"1,000",1000,,,DLC exact,0x1C,,,,6,0-999,2,DLC-only key,,9
172,FFE0050000,1504,0x05E0,V6:0x05E0,Leading byte + 4-byte little-endian key,Confirmed,,41,41,,,DLC exact,0x1C,,,,6,10000-10040,2,DLC-only key,,10
173,FFE5250000,9701,0x25E5,V9:0x25E5,Leading byte + 4-byte little-endian key,Confirmed,Final Slot = 0x1C Spacing,"1,000",1000,,,DLC exact,0x20*,,,,9,0-999,1,DLC-only key,,93
174,FFEB250000,9707,0x25EB,V8:0x25EB,Leading byte + 4-byte little-endian key,Confirmed,Final Slot = 0x1C Spacing,"1,000",1000,,,DLC exact,0x20*,,,,8,0-999,1,DLC-only key,,93
175,FFFF080000,2303,0x08FF,V7:0x08FF,Leading byte + 4-byte little-endian key,Confirmed,,30,30,,,DLC exact,0x24,,,,7,10500-10529,4,DLC-only key,,
176,FF290C0000,3113,0x0C29,V7:0x0C29,Leading byte + 4-byte little-endian key,Confirmed,,15,15,,,DLC exact,0x24,,,,7,"10100-10109,10200-10204",4,DLC-only key,,38
177,FF450A0000,2629,0x0A45,V10:0x0A45,Leading byte + 4-byte little-endian key,Confirmed,,4,4,,,DLC exact,0x24,,,,10,0-3,4,DLC-only key,,31
178,FFE7250000,9703,0x25E7,V2:0x25E7,Leading byte + 4-byte little-endian key,Confirmed,,"1,000",1000,,,DLC exact,0x28,,,,2,0-999,17,DLC-only key,,93
179,FFBD0B0000,3005,0x0BBD,V7:0x0BBD,Leading byte + 4-byte little-endian key,Confirmed,,739,739,,,DLC exact,0x28,,,,7,"20000-20614,104000-104003,105000-105003,105010-105013,105020-105023,105030-105033,105040-105043,105050-105053,105060-105063,105070-105073,105080-105083,105090-105093,105100-105103,105110-105113,105120-105123,105130-105133,105140-105143,105150-105153,105160-105163,105170-105173,...(+12 ranges)",5,DLC-only key,,37
180,FF020B0000,2818,0x0B02,V7:0x0B02,Leading byte + 4-byte little-endian key,Confirmed,,256,256,,,DLC exact,0x28,,,,7,40000-40255,5,DLC-only key,,34
181,FFEA250000,9706,0x25EA,V2:0x25EA,Leading byte + 4-byte little-endian key,Confirmed,,"1,000",1000,,,DLC exact,0x38,,,,2,0-999,33,DLC-only key,,93
182,FF9E110000,4510,0x119E,V2:0x119E,Leading byte + 4-byte little-endian key,Confirmed,,151,151,,,DLC exact,0x38,,,,2,"10600,10700-10749,10800-10849,10900-10949",33,DLC-only key,,48
183,FF3D0A0000,2621,0x0A3D,V10:0x0A3D,Leading byte + 4-byte little-endian key,Confirmed,,64,64,,,DLC exact,0x38,,,,10,0-63,9,DLC-only key,,29
184,FFE8250000,9704,0x25E8,V2:0x25E8,Leading byte + 4-byte little-endian key,Confirmed,,"1,000",1000,,,DLC exact,0x40,,,,2,0-999,41,DLC-only key,,93
185,FF0F070000,1807,0x070F,V6:0x070F,Leading byte + 4-byte little-endian key,Confirmed,Unknown Item Field,,,,,SaveFiletest exact: 500 records / UnitIDs 0-499,0x18,,,,,,,,,
186,FF310A0000,2609,0x0A31,V7:0x0A31,Leading byte + 4-byte little-endian key,Confirmed,Conflux Points (CP),1,1,,,DLC exact; one UnitID 0 UInt balance value,0x18,,,,7,0,1,DLC-only key,,
187,FF5C040000,1116,0x045C,V6:0x045C,Leading byte + 4-byte little-endian key,Confirmed,Resonance Points (RP),1,1,,,DLC exact; one UnitID 0 Int balance value,0x18,,,,6,0,1,DLC-only key,,
